text,label,notes,story_title,author,hn_object_id
"What that always leaves out, however, is that no/little money can very much cause a lot of unhappiness.",analysis,reasoned_structure,Pledging Another $400k to the Zig Software Foundation,Herbstluft,48630700
"> Sorry. You can refuse the covid vaccine, but that won't stop everyone else from blithly accepting it. I agree with this part, but then, I personally don't have a problem with everyone else giving up their privacy. > Then once the critical mass is reached, your ability to buy groceries can just be terminated. The 20% of the population that refuses just isn't important enough to matter. Wut? Can you provide any information about a supermarket chain (or law affecting supermarket chains) anywhere in the world that prevents (or prevented) people who weren't vaccinated against COVID-19 to enter or buy groceries from those supermarkets? Taking these age-assurance laws at face value, I don't have a problem with them, because I think algorithmically-personalised social media feeds are an intrinsically bad product and I don't see anything that any society would lose if they went away. My concern about these laws is how far politicians are willing to go to close loopholes like VPNs, because I think that's where the potential is to cause inadvertent collateral damage to systems that really matter.",experience,first_person_experience,Never Give Them Your Face,cjs_ac,48630698
Upthread: > that same minister (Peter Hummelgaard) is one of the key forces behind anti-encryption here in Europe,reaction,short_reaction,Danish privacy activist Lars Andersen raided by police,ceejayoz,48630696
"Kuddos on the big family, such an accomplishment. I must note, the first strategy is better for their brain tho, actually, I dislike reasoning around the education (I count feeding in it as it's extremely important to develop the brain) about what's fine and not what's best, because it's a slippery slope where you feel that small actions don't have such an importance, but after all it's the compounding of small (and better) actions that matter the most to improve intelligence and other aspects of a future adult. It's like sending your kids to a public school, sure, it's ""fine"", but let's not say it's optimal and it does have an impact in the end.",analysis,reasoned_structure,Becoming a dad changes men's brains,pixel_popping,48630695
It's been in Chrome for 6 years and I'm not aware of any problems it's caused.,reaction,short_reaction,window.showDirectoryPicker opens up a whole new world,streptomycin,48630694
This is crazy haha. What do you plan on doing with the money tho lol?,reaction,short_reaction,Show HN: A site where people pay me money for no reason,passiflora96,48630693
"Anyone who joins Gauntlet should know 70 percent of cohort 1 lost their job in under 7 months, and roughly 1/3 of each cohort does not get a job.",analysis,reasoned_structure,Ask HN: Why is there some sort of a scam website being advertised on HN?,9timesoutoften,48630691
"Why is ""no tax funding"" a hard requirement? I would think the lowest cost to get that market information publicly shared and forthcoming (and thus increasing the efficiency and effectiveness of the market), would be for a government dept to operate the frontend distribution, but require regulatory submissions of transaction within reasonable latency windows. It's just a modern form of say US SEC document submissions and EDGAR to distribute.",analysis,reasoned_structure,Investors get real-time view of UK bond market activity for the first time,dv_dt,48630690
So far I’ve been fine politely declining. Haven’t been back to the US in a while though.,reaction,short_reaction,Never Give Them Your Face,CalRobert,48630689
Do you call all your subsidiary branches “paypigs”?,reaction,short_reaction,Why Drawing Tablet Brands Won't Collaborate on Linux Floss Drivers,egypturnash,48630688
Sounds miserable in summer. Let's start a trend of removing cameras from public spaces instead.,reaction,short_reaction,Never Give Them Your Face,goda90,48630687
"If we're going to have self-censorship due to everything we say online tied to our real identity can we at least get some shiny buildings and high speed trains out of the deal too? I've been online since early 2000s internet and for all the soapboxing about freedom of speech and all that it seems a foregone conclusion that we'll get the same surveillance state as those other ""less free"" countries else without anything to show for it.",analysis,reasoned_structure,Never Give Them Your Face,neither_color,48630686
"I don't think Overton implied any causality between the phases of the window, just that distinct phases exist and that forces act on the window to cause it to shrink, expand, and shift.",analysis,reasoned_structure,Danish privacy activist Lars Andersen raided by police,oooyay,48630685
">Exaggerating a bit, I felt like my old self was dead and I just happened to somehow have inherited his memories. I had a small mental breakdown anticipating that this was going to happen while my wife was pregnant with our first. It didn't. I ended up replacing the part of my life that was video escapism with kids and kept everything else the same. Three kids in, things are going great. >I get almost physically ill when I hear about kids getting harmed. Replace ill with enraged and I have had the same experience. The strong emotions were a bit of a surprise.",experience,first_person_experience,Becoming a dad changes men's brains,korse,48630684
"Just like tyranny isn't an ""inherent"" part of communism. Right.",reaction,short_reaction,Did my old job only exist because of fraud?,Der_Einzige,48630682
"Cheap reusable rockets allow for a lot more research for a lot less money. Unfortunately, as the early history of SpaceX shows, it required a lot of failures to learn from to design the current crop of rockets. And that's the advantage that private R&D has... as long as the person in charge has money, failure is an option, because in anything publicly funded, any failure will relentlessly be blamed on the currently governing party by the opposition.",analysis,reasoned_structure,Munich 1991: The Roots of the Current AI Boom,mschuster91,48630681
"I just have obs with a video of mkbhd downloaded playing in a loop, whenever I am asked for age verification I just start the virtual camera, use it into the age verification website and it immediately passes it. MKBHD was just the first person that I could come up with that records extremely high res video.",analysis,reasoned_structure,Never Give Them Your Face,himata4113,48630680
"One man's wry observation is another's shitty attitude, I suppose. It just struck me as amusing, as 2/3 of the target audiences mentioned are made up of people, and here is an obviously LLM-written doc - and then we're to write config parsing by hand! The rationale is fine and all that, it just tickled me that here's an amusing example computers doing people's work and people doing computers' work, playing (to my mind) to the strengths of neither. (If the bots are allowed to modify the doc as they please, it's inevitable their writing style will seep in I suppose.) If it'd be any consolation, the doc seemed fine, maybe even interesting, but the LLM writing style gives me a headache. I did notice a std::string by value that, according to the ref rules, could conceivably be a const std::string &, I think: https://gist.github.com/b7r6/5dde648f5dc1dea1e9039f2211f5d40... - whether this is worth caring about, given that it's apparently loading a file, I don't know, and there could be some other reason for this not evident in the code provided. (Or maybe I missed something, probably something obvious.)",experience,first_person_experience,Efficient C++ Programming for Modern 64-bit CPUs: Chapter 4/part 2,tom_,48630677
"The first ones shown are quite neat and pleasant. The ""accidental"" ones pretty quickly gave me motion sickness as I scrolled through them. They also weren't nearly as interesting, though I couldn't look at them for very long.",analysis,reasoned_structure,Help I accidentally a wigglegram,nkrisc,48630676
The .pro was a matter of availability vs cost :) Regarding the repo I do have it but tis private. Do you believe there is value to open it?,analysis,reasoned_structure,"Show HN: I built 184 free browser tools – PDF, image, dev, AI tasks, no upload",ruimbarreira,48630675
"I had nightmares about bad things happening to me before. Like, getting ran over by a car, or falling off a cliff. When my wife got pregnant, it stopped. I started having nightmares about bad things happening to my son instead. Fun.",experience,first_person_experience,Becoming a dad changes men's brains,otikik,48630674
"I mean the analogy sounds about right, why downvoting?",reaction,short_reaction,Never Give Them Your Face,brettermeier,48630673
"That's a pet peeve of mine with improper capitalization surrounding this. AI = Artificial Intelligence. Ai = a Japanese name. ai = ""love"" in Japanese. Also, ""jenai"" (which sounds like an uncapitalized ""genai"") means ""not.""",analysis,reasoned_structure,Did my old job only exist because of fraud?,redwall_hp,48630672
"If you invest the minimum to run the model, obviously that's more expensive per-token than investing the optimum to get the best price/performance tradeoff (which for GLM 5.2 is at least five times that figure) If you can bring the load to run the model on close to optimal hardware 24/7 with multiple concurrent requests, and have reasonably cheap power and AC, you would break even in a reasonable timespan. Which won't happen unless you are self-hosting for a medium-sized company. I guess you could sell your spare capacity to get better utilization ... and we've reinvented hosted inference",analysis,reasoned_structure,There is minimal downside to switching to open models,wongarsu,48630671
"It’s not like they collaborate on closed-source drivers either. If you have two different brands of tablets in your life then you get to deal with weird bugs from their drivers fighting. And if you’re on Windows they may fight with MS’ attempt at default drivers, too.",analysis,reasoned_structure,Why Drawing Tablet Brands Won't Collaborate on Linux Floss Drivers,egypturnash,48630670
"I just showed above that ""high trust societies are conductive to risk taking"" is extremely wrong. Every high trust society on earth right now does the exact opposite. It's a lack of risk taking keeping Europe and even Singapore in a slump/relative slump. It's doubly that for Japan and Korea got lucky as hell with its control of the HBM memory industry but without that it'd also be fked for the same reason. You need LOW trust for risk taking.",analysis,reasoned_structure,Did my old job only exist because of fraud?,Der_Einzige,48630669
"Several such APIs include the equivalent data for US markets in their free tier, for personal use.",analysis,reasoned_structure,Investors get real-time view of UK bond market activity for the first time,monooso,48630668
That is similar to https://developer.mozilla.org/en-US/docs/Web/API/File_System... except AFAIK that does not allow any way to access it as a normal directory outside the browser.,analysis,reasoned_structure,window.showDirectoryPicker opens up a whole new world,streptomycin,48630667
In HuggingChat ( https://huggingface.co/chat ) you can test open models for free and even test specific providers. From there I collected the following US providers currently serving GLM 5.2: - Together ( https://www.together.ai/models ) - Fireworks ( https://fireworks.ai/models ) - Featherless ( https://featherless.ai/models ),analysis,reasoned_structure,GLM 5.2 vs. Opus,maybe_pablo,48630666
"> What does this even mean? It means over 18,600 engineering hours have been spent working on vehicle safety. This is a pretty common metric.",analysis,reasoned_structure,Nvidia Halos,deelowe,48630665
"Many people can’t, there is significant variation in how people’s visual systems work. I myself can’t anymore after my eyesight got worse.",analysis,reasoned_structure,Help I accidentally a wigglegram,layer8,48630664
"Whew... the continuous motion started triggering migraine symptoms until I closed the window. But it does have a nice 3d effect. For me, the cycle speed seems excessive. I believe someone suggested tying wiggle effect to mouse movement?",analysis,reasoned_structure,Help I accidentally a wigglegram,jakzurr,48630662
"By the way, if you are interested in nonograms specifically, there is a great website nonograms.org that has tens of thousands nonograms (both B&W and color) and no ads.",analysis,reasoned_structure,"Show HN: Got sick of ads, so I made my own logic puzzle site",vova_hn2,48630661
Stalk their children? What policy are you referring to?,reaction,short_reaction,Danish privacy activist Lars Andersen raided by police,bazoom42,48630659
"Honestly I lost mine, I think all I’ve got is a picture in my phone, and I don’t think it includes my booster shot. I’ve never been asked for it since.",experience,first_person_experience,Never Give Them Your Face,rylando,48630658
There’s no running TS. Everyone executes JS. Also TS itself is going towards stripped types. There’s this proposal which might land on browsers some day: https://tc39.es/proposal-type-annotations/ And in preparation you can use this setting on your tsconfig: https://www.typescriptlang.org/tsconfig/#erasableSyntaxOnly,analysis,reasoned_structure,Deno Desktop,pier25,48630656
"There is a small sign in front of the facial scanner that says ""Photo verification not required."" You can always say ""I decline the photo verification"", and they will check your license like back in the old days. This is what I have been doing for years now.",experience,first_person_experience,Never Give Them Your Face,beachwood23,48630655
"The kinds of people that become billionaires are not those who are happy, the hole in their sole is why they are billionaires in the first place. Yes there are exceptions, just like with everything. You should probably have a billion dollars, you would do great things. But you probably shouldn't become a billionaire to get there. Being rich doesn't make one unhappy, but getting there does. That relentless grind changes a person, much like the ring. I echo the sentiment in this comment https://news.ycombinator.com/item?id=48630565",analysis,reasoned_structure,Pledging Another $400k to the Zig Software Foundation,genxy,48630654
">AryStinger exploits older flaws such as CVE-2013-3307, CVE-2016-5681, and CVE-2025-11837, targeting primarily D-Link DIR-850L, D-Link DIR-818LW routers. https://nvd.nist.gov/vuln/detail/CVE-2013-3307 https://nvd.nist.gov/vuln/detail/CVE-2016-5681 https://nvd.nist.gov/vuln/detail/CVE-2025-11837 Original source: https://blog.xlab.qianxin.com/arystinger-botnet-hijacks-lega...",analysis,reasoned_structure,AryStinger botnet infected D-Link routers worldwide,r721,48630653
"I completely agree with this, but my banking apps, my broker, my health insurance, my simcard provider all already require my face for identification.",analysis,reasoned_structure,Never Give Them Your Face,giacomoforte,48630652
"Is it really that complicated? Why not just create per-domain browser-controlled folders (cert-linked?) that are abstracted into a simple read/write API via the browser (with subfolders allowed under that domain's root), disallow cross-domain access... and then build browser-mediated linking for use cases where you want to flow files from (non-domain) to (domain) to (non-domain)? So essentially local storage with better integration with the actual filesystem, that's browser-controlled. Allowing websites to have arbitrary (even user-approved) access directly to the real filesystem seems like a bad idea, when most use cases could be handled by a browser-mediated filesystem-like abstract view.",analysis,reasoned_structure,window.showDirectoryPicker opens up a whole new world,ethbr1,48630651
"I feel like the Nonogram is AI generated? There’s no way a human would set a perfectly symmetrical “diamond” as a medium difficulty puzzle. Worse yet, the hard difficulty is just “big diamond”, the same thing on a slightly larger grid.",analysis,reasoned_structure,"Show HN: Got sick of ads, so I made my own logic puzzle site",underyx,48630650
"I was saddened by just the headline and photo of the one last week. The BBC and UK news readers in general absolutely love stories about child abusers, so they get prominent placing (and even a live blog on the sentencing last week)",reaction,default_reaction,Becoming a dad changes men's brains,walthamstow,48630649
"Sorry, not a linguist by any means, I initially thought you meant there is no 1:1 mapping to the meaning (""outlook"", ""glance"", ""sight""). Are you talking about the v-z-g-l sequence of harsh consonants? That looks uninviting in print, but in practice it's just a quick puff of air.",analysis,reasoned_structure,Japanese verb conjugation the simple hard way,stasomatic,48630648
I particularly like the form at the bottom for collecting your email address and adding it to a big list.,reaction,short_reaction,Never Give Them Your Face,tsukikage,48630646
"Back when ""AI"" meant a midget hiding inside a supposed chess-playing machine, elected politicians had a technology called ""actually care about the voters and their feelings"" to do this. The human organization needed to implement that well at scale was far more laborious than AI - but just like a well-staffed ""live human customer service"" department, it generated a lot of loyalty. Sure, AI can be vastly faster and cheaper. But as the article points out, it can also quickly go wrong, even if the folks running it are well-intentioned.",analysis,reasoned_structure,Democracy Needs Friction to Function,bell-cot,48630645
Thank you so much for the suggestion! Will consider it for the next iteration! R,reaction,short_reaction,"Show HN: I built 184 free browser tools – PDF, image, dev, AI tasks, no upload",ruimbarreira,48630644
This is written like a number 3 child. ;-),reaction,short_reaction,Becoming a dad changes men's brains,fullstop,48630641
"True nerds name things properly in the first place. The liberal use of -wacom throughout project names and repositories is a consequence of the Wacom itch being scratched - and then that scratch becoming the base upon which Wacoms' competitors can participate. A true nerd would've skipped including the brand in a directory name, in the first place .. I bet these drivers started off being written by graphics designers, not nerds.",analysis,reasoned_structure,Why Drawing Tablet Brands Won't Collaborate on Linux Floss Drivers,MomsAVoxell,48630638
"Is there even an option at the airport to refuse face scanning? I assume that signs you up for a one way trip to a cavity search. TSA does it, Customs does it when entering the USA after a trip too.",analysis,reasoned_structure,Never Give Them Your Face,rylando,48630636
"To me one shot prompting is as relevant as Strava's KOM is for cycling, i'm more interested in a good cycling performance after a 3 hours ride than a straight up 30 min record effort.",analysis,reasoned_structure,GLM 5.2 vs. Opus,doe88,48630635
"Honestly, go back to the Liz Truss plan. She tried to speed run implementation, but policy-wise it was all there.",reaction,short_reaction,"Britain's prime minister to step down, Burnham puts himself forward as successor",gadders,48630634
"The ecosystem for inference is centralized around a few core projects, i.e. vLLM, sglang, and llamacpp. If they decided to collude, they could absolutely say ""from now on you no longer have access to model X because you're an asshole"" The commercial inference offering are also downstream of one of those 3 projects (or trt-LLM if they're nvidia). It would impact Ollama, and fireworks, together, and everyone else. Don't tempt fate.",analysis,reasoned_structure,GLM 5.2 vs. Opus,Der_Einzige,48630633
"> ...it prevented massive unconstrained expansion of credit and that seems sensible. At the height of the Great Depression (1936), some economists proposed The Chicago Plan to separate the provision of credit from the money supply by eliminating fractional reserve banking, giving better control of the increases and contractions of credit, the elimination of bank runs, and a dramatic reduction in debt. There was a recent (2012) paper from the IMF [1] that seemed to find this actually is pretty sensible, although I do not claim to be smart enough to understand all of the implications. [1] https://www.imf.org/en/publications/wp/issues/2016/12/31/the...",analysis,reasoned_structure,Alan Greenspan Dies at 100; Led Fed During Boom Before 2008 Bust,derf_,48630632
"Aren’t those billionaires the founders and CEOs of all the tech companies in Silicon Valley? And the VC firms that get them off the ground. Maybe it would be fine for them to leave, but I’m pretty sure you want their companies to stay. Maybe not. 50% of the tech companies moving out of Silicon Valley would probably improve traffic, lower housing costs etc. I’m pretty sure the cities that host them enjoy the tax revenue they bring in.",experience,first_person_experience,Billionaire Tax Officially Heads to Nov. 3 Ballot,tim-tday,48630631
It’d be nice to see some example code. Good writeup otherwise!,reaction,short_reaction,We're securing Tabstack against indirect prompt injection,0o_MrPatrick_o0,48630630
"I have two, both adults now. The first one, if she woke up early and I was still asleep, would politely come over and say that she was hungry. The second one, though, she was a scavenger. I woke up to her crunching on something. She was eating pistachios -- shell and all!",experience,first_person_experience,Becoming a dad changes men's brains,fullstop,48630628
"How is this ""dead simple"" engine simpler than creating a HTML file and hosting that on a webserver? I couldn't find an explanation of why this is ""dead simple"".",analysis,reasoned_structure,A dead simple personal website engine for developers focused on simplicity,DerArzt,48630627
"Kiro is surprisingly good, if the interface for saving and resuming was slightly more reliable, and there was the hope of remote sessions, I'd probably switch to it full time. I vastly prefer it to having to fight against buggy force-fed features like UltraPlan or whatever.",analysis,reasoned_structure,Codex logging bug may write TBs to local SSDs,epistasis,48630622
I have 3 teenagers and this claim seems plainly obvious to me.,reaction,short_reaction,Becoming a dad changes men's brains,bogrollben,48630621
"Nice! real cool! This site does have monetization, but I give the first 25 puzzles free for each difficulty level. So a good amount of free content and I'm still trying to add more games.",analysis,reasoned_structure,"Show HN: Got sick of ads, so I made my own logic puzzle site",HaxleRose,48630620
"> non-commercial They inject various unwanted integrations (like pocket in the past). > independent Independent from who, Google? Well, no, not even independent from Google, that's the truth.",analysis,reasoned_structure,window.showDirectoryPicker opens up a whole new world,zb3,48630619
"I'm getting very tired of all of the ""this is ai slop"" comments. They are now worse than the slop itself. Maybe HN needs a voting button ""this is ai slop"" so you can make your point without becoming slop yourself.",analysis,reasoned_structure,"WhatsApp's ""End-to-End Encryption"" Is the Biggest Lie in Tech History",rkent,48630618
"Was not able to use the name of the blog post in the title, it's actually "" How a Konami Cabinet Stays on Target: Target Panic!"" but the ""How"" got stripped by HN",reaction,default_reaction,A Konami Cabinet Stays on Target: Target Panic,nicole_express,48630616
"You can argue all day about the letter versus the spirit of the Budapest memorandum, but good luck getting any other countries to give up their nukes in the future. That's only one consequence of Trump's de-facto betrayal of Ukraine in support of his daddy figure in the Kremlin.",analysis,reasoned_structure,There is minimal downside to switching to open models,CamperBob2,48630615
I'm not in the OSS world much so hopefully someone can help me understand: what does 700k buy you in OSS language development?,reaction,default_reaction,Pledging Another $400k to the Zig Software Foundation,walthamstow,48630614
"Same here, I can't even read articles on BBC about child abusers, it makes me nauseous just to skim over a title.",reaction,short_reaction,Becoming a dad changes men's brains,trizoza,48630613
"Hi. I'm Carlos, a Software Engineer living in Uruguay. I have over 10 years of experience with web development and design. Check my board-games project!: https://boards-now.com/",experience,first_person_experience,[dead],cdengineer,48630612
"You may be thinking of having messed with a 3rd party/unofficial solution in the past, Deno Desktop is new and only just this last week showed up in the Canary branch.",reaction,default_reaction,Deno Desktop,zamadatix,48630610
"If people were willing to take it seriously in the first place, then they wouldn't view it as ""hamfisted snark""",analysis,reasoned_structure,GLM 5.2 vs. Opus,newaccountman2,48630607
FISA Section 702 (50 U.S.C. § 1881a) could be used to override any contractual terms that US government agencies may have agreed to. Those clauses would be unenforceable.,analysis,reasoned_structure,There is minimal downside to switching to open models,nerdsniper,48630606
"I guess it depends on exactly what you're talking about, but my impression is that the primary ""billionaires are bad"" argument is simply that a system that allows billionaires to exist is inherently broken. A system that rewards people based on their actual contributions would not allow billionaires to exist. The fact that some billionaires use their money to do good does not contradict that argument.",analysis,reasoned_structure,Pledging Another $400k to the Zig Software Foundation,InsideOutSanta,48630604
This analogy doesn't hold up. What does covid have to do with anything?,reaction,short_reaction,Never Give Them Your Face,reinsdyr,48630603
I do classification with SLMs and for my tasks when I have a few thousand samples the frontier models in zero-shot and few-shot modes are embarassingly bad in comparison.,experience,first_person_experience,Ask HN: How close are we to local LLMs being useful? What's the impact?,PaulHoule,48630602
"But once you have written in assembly, you can start to write the next version in the higher level language. The first version (written in assembly) doesn't necessarily have to produce the most optimal code, just good enough and correct. Most of the improvements can be done in the self hosted compiler (in a higher level language). So this period did not have to last many years.",analysis,reasoned_structure,My 1992 view of the problems of computer programming in 1992,senfiaj,48630599
Can we start a trend of wearing ski masks and other face coverings in public?,reaction,short_reaction,Never Give Them Your Face,sda2,48630597
"Yeah, that irked me a bit but maybe it was intentional?",reaction,short_reaction,Help I accidentally a wigglegram,tartoran,48630596
It's likely that your number 3 child is both the smartest and best looking. Not sure what that has to do with diet but it can't be a coincidence,analysis,reasoned_structure,Becoming a dad changes men's brains,readthenotes1,48630594
"He actively campaigned against any regulation of derivatives. There is an infamous lunch that he had with Brooksley Born (who was head of the Commodity Futures Trading Commission) in the late 1990s where she attempted to regulate them. The details of the meeting are fuzzy and none of the participants will go on the record to what was said, but the gist is that he said he would fight her tooth and nail. After massive lobbying from Greenspan, as well as Lawrence Summers, congress passed legislation prohibiting her agency from regulating derivatives. She resigned shortly after.",analysis,reasoned_structure,Alan Greenspan Dies at 100; Led Fed During Boom Before 2008 Bust,hylaride,48630593
"Nice job! I made something similar, mostly for myself: https://www.vexling.com Plan to keep it forever free :)",experience,first_person_experience,"Show HN: Got sick of ads, so I made my own logic puzzle site",iooi,48630592
Fascinating how things that are most relevant to continuing your species are the things with the hardest coded behaviors.,reaction,default_reaction,Becoming a dad changes men's brains,WarmWash,48630591
"IIRC linguists (like, actual academic researchers) prefer to “break up” kana and analyze the consonant and vowel separately when dealing with conjugations. Treating kana as indivisible units is AFAIK only really a thing in Japanese linguistics historically done in Japan . All this to say, I’m pretty sure this “just change the vowel” approach is perfectly fine from a theoretical perspective (and as a fellow learner, also very aesthetically satisfying :-) )",analysis,reasoned_structure,Japanese verb conjugation the simple hard way,BalinKing,48630589
"Mine is currently Net, 7x7 grid with wrapping variant. I take about 5 minutes on average to solve a level, which is the sweet spot for me",experience,first_person_experience,"Show HN: Got sick of ads, so I made my own logic puzzle site",penr0se,48630588
"I don't know what else to call it? Seriously, 2 words, and I'm sure it is spot-on.",reaction,short_reaction,Apertus – Open Foundation Model for Sovereign AI,sscaryterry,48630587
"First, this is true - learning or doing anything does change your brain. This article isn't talking about just that. I personally don't think it's meant to scare-monger, either - although I'm sure opinions may differ on the subject. What is unique about being a dad is having a living breathing creature depend on you. There are hormones exchanged. AND you're learning and doing something. AND you're remembering (and having to deal with) your own childhood memories. And realizing that in your memories, you were the kid ... now you're the adult. It's different.",experience,first_person_experience,Becoming a dad changes men's brains,danesparza,48630586
"Really? 'Oh, someone I don't know! stab '? What if the person is plain-clothes law enforcement? Or a special needs person who somehow managed to wander into the wrong house? Or your sibling's new partner they want to introduce to you? Anyway, unless you actually have stabbed someone before you don't know whether you got what it takes until you're actually in a situation where you find out.",analysis,reasoned_structure,Danish privacy activist Lars Andersen raided by police,tmtvl,48630585
"Fedi review sites (neodb/reviewdb, bookwyrm) make use of JSON-LD in a big way. Their entire data federation is based on ActivityStreams and JSON-LD, and so is the review data they get authors to share on their federation along with legacy sites such as goodreads. They're also considerate of proper RDF mappings (context namespace, RDF-friendly encoding of collections, etc.).",analysis,reasoned_structure,JSON-LD explained for personal websites,tannhaeuser,48630583
"Inside non capitalist places, those solutions dont even get to EXIST. Nobody even cares about nasty disease solution and funding. They don't get invented or they are not allowed for your use, by design. This is a very narrow view and what a word salad. Now tell me name of the great ""Communist countries"" that exist today and they are big and have lots of great things to pursue humankind and human lifespan. I will wait for the name of those counties :)",analysis,reasoned_structure,Did my old job only exist because of fraud?,kingleopold,48630582
"This is not mere learning, must have some kind of pre-wired special mechanism because it's very quick and very strong.",analysis,reasoned_structure,Becoming a dad changes men's brains,fcatalan,48630580
"This. Also, the feelings have become stronger as I age.",reaction,short_reaction,Becoming a dad changes men's brains,bogrollben,48630579
"Especially in the modern era where peoples' attention is particularly stretched thin, trying to get the average person to add another thing to be hyper-vigilant about is going to be a hard sell. People only have so many spoons. Not sure why you shoehorned some antivax nonsense in there though.",analysis,reasoned_structure,Never Give Them Your Face,RankingMember,48630578
"Its most likely a debate because making such a major refactoring effort is actually a heavy work load, there are lots of bits and pieces to tie together and cut out and so on, and the folks capable of shepherding this change through all the parties out into the distro's are already underpaid/under-appreciated too much as it is .. Hopefully, this situation will get some traction with a bit of noise about it, and the distros can actually put some effort into handling the rename - or maybe a hero will arise in the midst of all the fuss, who just does the full renaming properly, tested, and so on - in a fashion that it simply can't be ignored. It's definitely an interesting thing to see this happening, anyway. Open Source has many, many troublesome facets when it comes to fairness and equity, but it also has a lot of bright, shining moments. The fact that the technical ability to build these drivers is already a given, and really the thing holding everything back is just the corporate brand obsession, is kind of hilarious though, also. Duh, you own your competitor by pushing your tech into their brand-space, dummies. This is an opportunity for brands-not-Wacom to eat Wacoms lunch in a delightfully technologically significant way - but, alas, the brand cult reared its maw, instead...",analysis,reasoned_structure,Why Drawing Tablet Brands Won't Collaborate on Linux Floss Drivers,MomsAVoxell,48630577
"uh, micasa.dev has a nice concept, I should investigate that. Thanks!",reaction,short_reaction,Ask HN: What is your opinion on TUI applications,lordkrandel,48630576
"> There's also plenty of famines caused directly by capitalism. The most infamous one being the Irish potato famine. Ireland is extremely fertile and at the peak of the famine they had bumper crops. The reason the famine happened is because poor irish citizens relied heavily on growing crops for personal sustenance in small gardens. Potatoes being one of the most calorie dense foods for a small patch of land. When blight hit the potatoes, there was not an alternative crop these citizens could get the calories from their small land plots. Unfortunately thats only a portion of the story. They had LOTS of crops and meat. The Irish were not *permitted* to eat any of it on threat of death by the English. Ireland was an occupied country since Elizabeth met with Pirate Queen Grace O'Malley in 1593 up to 1921, where half the country won their freedom. Northern Ireland still is a territory of England. Prior to that, during The Famine, the Irish were forced to ship all ""good"" food to England. That left them to eat predominantly potatoes. We all know about the monoculture, and the potato blight. As a corollary, Irish are to Potatoes, as Black Americans are to chicken and watermelon. Its a massive racial insult, and similar in magnitude. But no, it was the predominant capitalist country of that age that systematically drained all wealth from Ireland. As is the story of capitalism everywhere.",experience,first_person_experience,Did my old job only exist because of fraud?,nekusar,48630575
"Be honest. It has been taxed once at 1/3 the rate that wages are taxed. Capital gains gets taxed at 10% (which is how rich people get their money). Poor people pay about 30% of their income in tax. Our tax system disproportionately favors the wealthy. I know. I’ve been poor, I’ve worked minimum wage. Now I make much more money and the I’ve watched the tax system favor me more the more I make.",experience,first_person_experience,Billionaire Tax Officially Heads to Nov. 3 Ballot,tim-tday,48630574
"Hello, sorry i didn't reply sooner, i searched the original article for quotes and additional context but the website seems to have been updated and i cannot find it, making my original comment useless now. I didn't mean to question or minimize the pressure and domination put on everyday people by authoritarian systems. My comment was meant to question the website's implications that this could all be deduced by the content of the photographs. For the Parade comment specifically, i dislike the idea that the Soviet Union's ideology and tactics and motives can be deduced by the appearance of the parade, all thanks to Manhoff instead of decades of witness accounts, geopolitics and historian work. I generally care more about how opinions are formed than what those opinions are. I also hate the anti-intellectual assumptions that what is bad looks bad, what looks bad is bad, and conversely that what looks good is good. You find this any time people talk about how nice killers were. My point was that if you wait for things to look bad before you question them, you will never question anything. But this last paragraph is just rambling and has nothing to do with your well written reply.",analysis,reasoned_structure,The Manhoff Archives: Color photos of Stalin-era USSR taken by a US diplomat,Jgoauh,48630572
"Becoming a new parent I knew I'd sleep less and be tired all the time but what I didn't know was simultaneously how much energy I'd have to keep going. It's almost like low grade, months long adrenalin rush. Very strange.",analysis,reasoned_structure,Becoming a dad changes men's brains,morkalork,48630571
"(1) There is a leftist bubble on Bluesky but if you are careful who you follow you can avoid it almost completely: a lot of profiles say ""No DMs, No Politics."" The retweeting left left X and seemingly left Mastodon around the time Trump was inaugurated and I'd say I like Mastodon better than ever. This was a very different tranche than people who joined a few months earlier and I dunno if Bluesky tweaked the algorithm to help former Twitter left-wing influencers find their peeps and have a permission structure to leave Twitter or if that is just how the algorithm reacts to a huge influx. I wouldn't say that bubble is not a reason to be on Bluesky but I think the cool adults are on Mastodon and the cool θηρίον kids on Tumblr. (2) IRL I meet a lot of women, especially 20-somethings and 60-somethings (No Kings demo) who lead conversations with duckspeak about ""white supremacy"" [1] and such. It makes my son see red. I find when I bring up the concept that I hear so much of this on social every one of them will say ""I hate social media"" and once you get into specifics, experiences the conversation always becomes productive. There really are influencers who are invested in the retweeting world but there are a lot of people who just get swept up on it. [1] had BLM framed the problem as ""police violence"" it could have won, I mean, blacks have a higher rate of getting shot but more whites get shot . If they weren't busy telling 80% of people who have little to do with the problem that they are the problem it would have gone very different. The strategy they took is right out of the playbook of the loser of a pro wrestling match.",analysis,reasoned_structure,The Retweeting Class,PaulHoule,48630570
Name it something really confusing like... Linuxtablet,reaction,short_reaction,Why Drawing Tablet Brands Won't Collaborate on Linux Floss Drivers,__mharrison__,48630569
the headline literally explains that it is to maximize hypothetical valuation,reaction,short_reaction,The Doom Justifies the Valuation,binary132,48630567
"What does getting the COVID vaccine have to do with surveillance or grocery shopping? Where I live I simply queued up at the local vaccination centre, got vaccinated, and left. I probably had to show some id or something I guess but no more than accessing any other government services",analysis,reasoned_structure,Never Give Them Your Face,billyoyo,48630566
"Yeah, I think people have the correlation backward. I suspect that driven people are more likely to get rich and less likely to be happy, so there seem to be a lot of angry rich dudes. Meanwhile, people who get rich by accident often seem able to improve their own lives and those of others with their money. The recent article about the founder of Craigslist comes to mind.",experience,first_person_experience,Pledging Another $400k to the Zig Software Foundation,InsideOutSanta,48630565
"(And of course, nobody changed any theme in the outlook case)",reaction,short_reaction,Deno Desktop,ahartmetz,48630564
"The chief criticism lies in the ""Greenspan put""--the idea that the Fed would just never let asset prices fall, a policy which both bears his name and is noteworthy enough to have a detailed Wikipedia article on it.",reaction,default_reaction,Alan Greenspan Dies at 100; Led Fed During Boom Before 2008 Bust,jcranmer,48630563
"I noticed too much use of the word ""safety"", like the LLM was told to emphasise it, so I did a little test: randomly scroll and move the mouse without looking, is there ""safety"" in there? I did it for 4 times and every time I found it. Ctrl+F -> 136 results.",experience,first_person_experience,Nvidia Halos,mrd3v0,48630562
"I personally would like the police to come down hard on unauthorised and unregulated chemists. Not a fan of dealers being tax exempt, either, given the negative externalities their services provide.",experience,first_person_experience,Danish privacy activist Lars Andersen raided by police,gaiagraphia,48630561
"Not in the future, not if you want to get paid.",analysis,reasoned_structure,There is minimal downside to switching to open models,CamperBob2,48630560
"> What does this even mean? If it means what I think it means, you take every engineer working on it (and maybe the years of research involved) and add it all up. Say you have a room with about 10 engineers with 10 years of experience per developer, you can claim there's 100 years of developer experience between all of them (maybe the overlaps not unique enough and its more like 30 to 50 years? but in this case I think they're rounding up, and I assume it means thousands of engineers involved in the project) that's how I took it. My first interview in tech I was asked what the heck I was even doing with the D programming language, followed by the remark that in the next room (where all the devs were) there was at least 100 years of experience between everybody there, and not a single one knew what D was, my manager clearly did, which cracked me up.",analysis,reasoned_structure,Nvidia Halos,giancarlostoro,48630559
Nixon was running out of money fast- the cold war was expensive.,reaction,short_reaction,Alan Greenspan Dies at 100; Led Fed During Boom Before 2008 Bust,expedition32,48630558
"It will not make you unhappy. It will just not make you happy. Big difference. The saying ""money can't buy happiness"" is in fact true no matter how much people want to rationalize the opposite.",analysis,reasoned_structure,Pledging Another $400k to the Zig Software Foundation,darren0,48630557
"Not to take away from your point, but the revolving door is also good because the experts should be the ones who make the rules. There are too many details about every niche that smart non-experts will get wrong and so we need experts. Good luck reconciling these two conflicting points.",analysis,reasoned_structure,Did my old job only exist because of fraud?,bluGill,48630556
Second hardest thing in CS besides cache invalidation and off by one errors....,reaction,short_reaction,Why Drawing Tablet Brands Won't Collaborate on Linux Floss Drivers,__mharrison__,48630555
"Read the whole article expecting it to explain how it would have changed, was disappointed to not read that.",reaction,short_reaction,Becoming a dad changes men's brains,Aperocky,48630551
"If you're really wanting to do perceptual hash based deduplication, use multiple, heterogeneous hash algorithms (phash, dct hash, mean hash, ...) as it is likely that a given hash algo will happily lossily match with very very different images--but if all hashes match, you're much less likely to have false positives. I wrote up what I do here: https://photostructure.com/guide/what-do-you-mean-by-dedupli...",analysis,reasoned_structure,Help I accidentally a wigglegram,mceachen,48630550
I have not checked the source code to tell you if the system is the one blocking access or the browser-level API itself. I'm guessing it's the browser. The only reason I mentioned Linux is that's where I tested it and I'm sure there are differences across OSes. My biggest concern here is the write permission.,experience,first_person_experience,window.showDirectoryPicker opens up a whole new world,bigrocketapps,48630549
"Wrong, custom ""specs"" i.e. schemas, are literally all we have for ""real"" guardrails with LLMs. https://developers.openai.com/api/docs/guides/structured-out... Nothing else operates on the logprobs level and literally bans continuations that fail your schema.",analysis,reasoned_structure,GLM 5.2 vs. Opus,Der_Einzige,48630547
"I was a fan, until I found in developing them, the same friction of a frontend developer. All of a sudden, I realized that the command line is already the TUI I want. Commands can be piped, while graphic interaction cannot. Now I rely on standard input and standard output, and `fzf` for all the rest.",experience,first_person_experience,Ask HN: What is your opinion on TUI applications,lordkrandel,48630546
"1. What an odd analogy. Covid vaccination was a clear net positive. 2. When was the last time you needed to show a vaccine card for anything , much less buying groceries?",analysis,reasoned_structure,Never Give Them Your Face,rafram,48630544
Isn't the point that those politicians want to do precisely that to others?,reaction,short_reaction,Danish privacy activist Lars Andersen raided by police,ceejayoz,48630543
"Not a metallurgist, but reading https://www.science.org/action/downloadSupplement?doi=10.112... , table S4, page 36, they don’t primarily claim this is extraordinary. They list 20 other “alphabet soup” alloys of, ballpark, similar strength. Also, FTA: “The real significance is not just this particular alloy, but the demonstration that atoms can self-organise into defect-free structures in a bulk metallic material, meaning a large, continuous piece of metal, not a thin coating, film or microscopic sample” That PDF also says they had structures of size 30mm × 10mm × 2mm, cold-rolled to be 0,8mm thick. I wouldn’t know whether that’s more “bulk material” than those other papers accomplished. (Looking at the complex production process, I do not see this getting wide usage soon, even if it scales to car-sized structures)",analysis,reasoned_structure,Engineers create world-first 'super alloy',Someone,48630542
"What a word of wisdom right there, the bit about internet is beautiful because it's ok to be weird - this is often the opposite on twitter, fb, reddit and many discords where if you have a different opinion you get mobbed by angry comments making one feel worse about their own weirdness.",analysis,reasoned_structure,Pledging Another $400k to the Zig Software Foundation,trizoza,48630541
That’s such an American mentality. Here’s a short clip which might broaden your mind on possible ways to view how and when police should be using violence. https://www.reddit.com/r/BeAmazed/comments/1c0e24s/american_...,analysis,reasoned_structure,Danish privacy activist Lars Andersen raided by police,stefanfisk,48630540
Are any of your Mac users using an 10-year old WebView? We frequently ran into that. And there's nothing that can be done about it except engineering around it. I also doubt it works well on Linux. The performance of webkitgtk is like running an emulator inside an emulator.,experience,first_person_experience,Deno Desktop,echelon,48630538
"Democracies building the tools of total autocracy. Real but fringe threats used to create the ultimate centralization of leverage. Can we actually think of the children? All the children? Their future? When democracies forget that government is the greatest natural threat to freedom, they forget and undermine the reason we have democracies. The technical solutions to zero-knowledge proofs of age-of-adulthood without loss of anonymity are recent but available now. The strongest argument for these is to take the wind out of alternatives. Strangely, promoters of surveillance avoid these solutions. Even stranger: the bizarre but prevalent counter argument that anonymity protecting solutions won't work, because the surreptitious goal of other solutions is precisely to strip anonymity. We apparently shouldn't do that, because the abusers won't like their ""front"" problems being solved like that!",experience,first_person_experience,Never Give Them Your Face,Nevermark,48630537
"I have been experimenting with modifying Ghostty lately. It's a well attended codebase and a pleasure to work with, props to Mitchell. Since Ghostty is written in Zig, I ended up adding native Zig AST support in Dirac ( https://github.com/dirac-run/dirac/blob/master/src/services/... ) One thing the has been a little unintuitive is the pattern of all code and tests in single files, which makes the filesizes grow much larger. Also if you're coming from inheritance supported languages, Zig forces a different way of thinking",experience,first_person_experience,Pledging Another $400k to the Zig Software Foundation,GodelNumbering,48630536
"> possibly inform I'm not sure about that. People on HN are generally well in the know, while laymen don't event understand the substance of the matter in question.",analysis,reasoned_structure,Danish privacy activist Lars Andersen raided by police,egorfine,48630534
"It might be more common in Europe, I've never seen it in the US (but maybe some property managers offer that as part of their 5-10% cut of the rent).",analysis,reasoned_structure,Rent collections are down in New York,bombcar,48630532
"Ah yes, totally secure. I’m sure there will be no unforeseen problems or bypasses.",reaction,short_reaction,window.showDirectoryPicker opens up a whole new world,move-on-by,48630531
"This article describes well how advertising and such degrades the quality of the product, but it isn’t really enshittification unless the platform is also turning the screw on its suppliers. This might be the case for services downstream of frontier model providers, but OpenAI and friends aren’t turning the screw on NVidia or utilities. If anything them trying to do the customer-side enshittification before securing both ends of their market is just a sign that they’re troubled and will likely not ever reach that point.",analysis,reasoned_structure,The Coming Enshittification of AI,beschizza,48630530
And also ignoring that whole Rape Gang thing.,reaction,short_reaction,"Britain's prime minister to step down, Burnham puts himself forward as successor",gadders,48630527
The Taliban absolutely did not terrorism the US out of Afghanistan haha,reaction,short_reaction,Danish privacy activist Lars Andersen raided by police,some_random,48630525
"I have always had this desire, and now I have social validation that it's part of my role ;)",experience,first_person_experience,Becoming a dad changes men's brains,disgruntledphd2,48630524
Are your kids teenagers already? Telling them in front of their friends is 10x better.,reaction,short_reaction,Becoming a dad changes men's brains,fcatalan,48630512
"I use it for several applications (frontend, backend, CLIs) in production settings, and it has been excellent. Caveat: I serve small internal teams mostly, some projects only serve Worth noting is that the team has improved compilation features steadily. Every issue I watched last year has been completed and I’m not encountering blockers anymore.",experience,first_person_experience,Deno Desktop,steve_adams_86,48630509
"> I tried learning to play a recorder (flute) using some internet howtos as a guide, but got stuck at the first lesson, when the sound produced by the flute didn't match what the Fourier analyser in audacity measured. > That is, I tried to play a C, but the Fourier transform resulted in a bimodal distribution, and none of the bumps was near the expected C frequency. What a wonderful experiment! You've uncovered ""harmonics"": your recorder (or any instrument) sounds a complex mixture of frequencies, even when you play just a single note. The different mix of frequencies from one instrument to another is what gives each a unique sound, called the ""timbre"". The harmonics of wind instruments like your recorder are particularly complex! Try the same experiment with a stringed instrument, which will make something closer to a pure sine wave. Try it with anything that will make noise! But I'd recommend not using Audacity to learn to play an instrument. You need your ears for this, so it may as much effort developing listening as developing playing technique. But in the end, don't worry too much about that, just have fun making music!",experience,first_person_experience,Show HN: Teach your kids perfect pitch,couchand,48630505
Literally laughing out loud to this. I can relate.,reaction,short_reaction,Becoming a dad changes men's brains,danesparza,48630504
Oh yeah? I'll have to check them out. Good tip!,reaction,short_reaction,"Show HN: Got sick of ads, so I made my own logic puzzle site",HaxleRose,48630503
"Read, sure, already can do that with file upload. Write sounds like a disaster waiting to happen",reaction,short_reaction,window.showDirectoryPicker opens up a whole new world,qwertytyyuu,48630498
What happened that made you switch away from contracting?,reaction,short_reaction,Did my old job only exist because of fraud?,zingar,48630496
"Besides Wacom, which tablets would you recommend as good quality?",reaction,short_reaction,Why Drawing Tablet Brands Won't Collaborate on Linux Floss Drivers,abdullahkhalids,48630494
One of our tech leads at work tried to do a team building exercise where we'd go around the table and name our greatest fear. I was very glad to have been late to that particular meeting. It would have been pretty awkward for everyone if I'd started crying at the table.,experience,first_person_experience,Becoming a dad changes men's brains,pavel_lishin,48630493
"For me, tab location is spacial in my mind, and so many years of having them horizontal makes it hard to switch. Somewhere between 25 and 40 I start having trouble finding things at which point I just close them all and start over. I do use the tab drop-down in Firefox, but mostly to more quickly find things I want to close. Also completion in the url bar to find specific open tabs is quite useful.",experience,first_person_experience,Why I had to stop using vertical tabs,jayknight,48630491
"As a dad, I have a strong compulsion to tell (bad) dad jokes. Ideally puns. All the time. I didn't used to be this way.",experience,first_person_experience,Becoming a dad changes men's brains,mcbishop,48630487
"Wouldn't that just be ""Raw""? I.e. start a webserver and ask the system to open the URL. There is no ""special stuff"" to do in this case like avoid sockets in favor of IPC to a well known webview or package CEF and no real integration to make with dev tools etc after - it's just open socket and serve from prebuilt binary.",experience,first_person_experience,Deno Desktop,zamadatix,48630480
"Phew .... I saw the title and thought this was some horrid LinkedIn post from a ""Founder"" dad about teaching his kids how to pitch their startup to investors ... Luckily it's not about that!",experience,first_person_experience,Show HN: Teach your kids perfect pitch,illuminator83,48630478
"That's read-only. It's very cool though, and worth learning about for anyone who's unfamiliar. I have a demo page showing what it can do here: https://tools.simonwillison.net/webkitdirectory",experience,first_person_experience,window.showDirectoryPicker opens up a whole new world,simonw,48630477
Very charitable to call it a “grey zone” to stalk and dox children of politicians you dislike.,reaction,short_reaction,Danish privacy activist Lars Andersen raided by police,bazoom42,48630476
I think as a general rule Obsidian is viewed as a personal KB. The CLI that I built I see it more as a repository specific tool part of building things with AI agents so that important information is encoded and fetched when needed without additional prompting. But I do understand that overlap is there and the justification for using a separate tool might be a stretch.,experience,first_person_experience,Show HN: Engrym – a Markdown knowledge base your coding agent reads and writes,laleshii,48630473
"I used to think like this too, but somewhat surprisingly to myself, I have actually come around to deciding the web API is the most user-forward API that closed-source software can target, and it is actually good for end users for closed-source software to target it. This is because web API software is distributed as plaintext to be interpreted by software under user's control, the browser. This gives a ton of power to the user. We as end users can develop browser extensions, CSS hacks, and so on, to make this closed-source software work better for us. I frequently do this; why can't I paste into this password text box? Screw it, I go into dev tools and enable pasting into it. Who decided grey-on-grey text was a good idea? Screw it, I got into dev tools and make the text black. Why can't I copy the text on this page? Screw it, I go into dev tools and yank it straight from the DOM. Why does this stupid animation take so long? Screw it, I go develop a greasemonkey script to set the animation timer value to 0. This is all quite easy with web API software, but would be be extremely difficult with a compiled binary. I think it is also a good choice for open-source software for the same reason. It provides a common, well-tooled API for users to hack the software they are using. But open-source software has other hackable options that make it less of a strong argument there. Native toolkits definitely have a lot of nice features that the web API doesn't (yet) have, and there's a ton of value in the consistency native toolkits provide. But I think I've come around to valuing hackability over those features, so I'm actually now a web API fan. Again, surprising myself with this switch :)",experience,first_person_experience,window.showDirectoryPicker opens up a whole new world,coldpie,48630470
I have never been forced to watch an add on the Facebook app nor the Instagram app but the moment that happens to me I will uninstall both immediately. At this point Facebook is lamer/worse than MySpace ever was.,experience,first_person_experience,The Coming Enshittification of AI,archerx,48630469
"learning or doing anything ""changes your brain"". that's how learning works. i hate this phrase and how it's generally used for scare-mongering headlines.",experience,first_person_experience,Becoming a dad changes men's brains,parpfish,48630468
"> I seriously dont' know all this big hullabaloo about one shot prompting. It's a relatively objective way of testing LLMs, and I think it's pretty representative of how strong models are overall. The outcome of this test mirrors how GLM 5.2 and Opus 4.8 work for me: they're both similarly capable of fully executing a given task, but Opus tends to have a bit more ""taste"" in how it handles unstated details or implicit requirements. > what you'll get is a series of assumptions made by the model Yes, but that's why we use these models in the first place. We don't want to explicitly write down all the details because that would mean writing code. So we write a higher-level, human-language spec, and let the LLM fill in the blanks. The question is how good they are at doing that.",experience,first_person_experience,GLM 5.2 vs. Opus,InsideOutSanta,48630463
"My current setup: $20/month: Claude Code $10/month: Minimax $16/month: Xiaomi Mimo $10/month: Opencode Go Opus at low/medium effort generates plans. Then several coordinator/worker pairs are possible: DeepSeek v4 Pro + Minimax M3, Mimo v2.5 Pro + Mimo v2.5, Mimo + Minimax, Sonnet 4.6 + Haiku. I've been running hundreds of long multi-agent sessions, topped up extra credits here and theere, but haven't reached $200/month spend yet. Relying entirely on Claude/Codex feels like a waste of cash now.",experience,first_person_experience,Sakana Fugu,ricardobeat,48630461
"I did it. It is awesome. It's basically HN, but the entire backend is running on an old phone.",experience,first_person_experience,Ask HN: Best resources for learning how to build a forum back end?,jupr,48630459
Ehh to be clear even in the US certain markets like bonds are not always that transparent.,reaction,short_reaction,Investors get real-time view of UK bond market activity for the first time,infecto,48630458
"Yet name changes happen easily when legally forced. Wireshark, MariaDB, and LibreOffice.",reaction,short_reaction,Why Drawing Tablet Brands Won't Collaborate on Linux Floss Drivers,inigyou,48630455
"> I remember large banks that caused the failure to be bailed out. And talk of trickle down economics, except that average joe was not bailed outed, but punished. Another thing that is commonly remembered but did not really happen as described. If you had to identify any particular bank as having caused the crisis, it would have to be Lehman Brothers, which was not bailed out. But really, it was a systemic crisis to which TARP was deployed as a systemic solution. Much of the ""bailout"" talk is based on memories of AIG, which is not a bank and behaved far more irresponsibly than any bank did; they seem not to have bothered hedging their exposure to widespread mortgage defaults at all. > I remember robo signing of home foreclosures with no checks and people loosing houses despite paying debts. This did happen, yes, and that was bad.",experience,first_person_experience,The Doom Justifies the Valuation,SpicyLemonZest,48630454
"Given that cooking is easy at home, shouldn't all restaurants and cafés close?",reaction,short_reaction,Ask HN: Is there still value in making apps?,carlosjobim,48630453
I am sure there are some bad billionaires. That moniker is used to demonize them for the most part.,experience,first_person_experience,Pledging Another $400k to the Zig Software Foundation,sigzero,48630449
"personally my default branch is called dominatrix, just to annoy the kind of person who argues about master",experience,first_person_experience,Why Drawing Tablet Brands Won't Collaborate on Linux Floss Drivers,inigyou,48630447
Yeah I feel the same about people who say they wouldn't know what to do when they retire. I have so many projects! I guess we are just different...,experience,first_person_experience,Pledging Another $400k to the Zig Software Foundation,IshKebab,48630440
"I find it really fascinating that you use the metaphor to GA of a senior dev sweeping all the cruft away into a single clean abstraction, is that my read/smell of TFA (as a layperson for this depth of math) is that GA runs the exact same risk of leaky abstraction. It's really general and elegant and covers all these cases with a single abstraction, but in doing so it sometimes conflates very similar things (precisely because they are so similar) when they really ought to be separate things. Like a complex number and the rotation operator it performs. My seat-of-pants take is GA is just a bit too DRY. My understanding is too shallow to get why we don't just go straight for EA/Clifford Algebra when the ""lower"" systems like cross product are insufficient. I share the author's intuition that there ought to exist some mathematical object that begets Clifford Algebras and multivectors and GA and all the like that we have yet to discover. > They're spending their precious time on this Earth learning a dead language instead of learning about the law or bugs I know this is hyperbole, but it's my opinion Latin/Greek emerged so dominantly in law/bio/medical fields is that it allows at the same time semantic bleaching and composition. ""Jargon is a DSL"" if you will. Sure, you could say ""heart muscle no worky cause insufficient oxygen"" but ""myocardial infarction"" is a) more concise b) comprises reusable composable pieces of meaning (myo + card + -ial, in + farcire + -ion) c) most importantly, is extremely precise. It's like the trouble of using English + LLM to define a program, vs just writing damn code. Sure you can do the former, but it's lossy, and that lossiness causes issues.",experience,first_person_experience,The case against geometric algebra (2024),kortex,48630438
"I got help with an assignment from you before. You were probably just responding, lol. I was grateful back then.",reaction,short_reaction,Google Hits 50% IPv6,jdw64,48630436
I'd like to see some real reasoning here that is based on facts.,reaction,short_reaction,There is minimal downside to switching to open models,fg137,48630427
In Amsterdam it led to them getting sold,reaction,short_reaction,Rent collections are down in New York,CalRobert,48630422
"the only thing that I noticed that changed in me was my sudden understanding of what ""fear"" really is. I had not experienced fear prior to becoming a father. The thought of one of my children being ... i'm not even going to say anything more. Use your imagination. That kind of thing scares me so much more than it did before I was a father.",experience,first_person_experience,Becoming a dad changes men's brains,naikrovek,48630420
>For a product nobody can pay for I remember then Thefacebook.com was only available at certain universities and everyone felt slight envy that they weren't included. Didn't work out too bad for them.,experience,first_person_experience,The Doom Justifies the Valuation,tim333,48630413
"> I use AI heavily. I've written about my AI adoption journey and shipping real features with AI assistance. I'm also quite vocal about remaining rational about its capabilities and frustrated with its negative impacts on open source. > The point is that I have opinions. Those opinions don't fully align with ZSF's approach. And yet, I have nothing but respect for ZSF: the people, the policies, and the project. Part of what makes the internet and open source great is that projects can be weird and different. They can set unusual boundaries, build their own culture, and pursue quality in ways that won't make sense to everyone. Mitchell does feel like the adult in the room when other people are having chain-saws and acting irrationally for a lack of better term (for example jared/bun controversy which the post just somewhat touches on) (Mitchell's tweet about AI psychosis is genuinely influential and is now a pointer to what this phenomenon might be) I really think him and simon's opinions are somehow decently nuanced opinions on AI that the internet has to offer. Now glazing of mitchell aside, I am happy that zig foundation gets such amount of money and I am really excited that Zig an independent language is able to get the level of love that it does. There is a famous talk by the creator of Elm on the economics of independent programming languages and how its hard for them to get sponsored if they aren't already working at a company (Rust was created at Mozilla, Golang was created by Google) This is a real issue that is true for most of open-source and I am just happy that we are atleast moving slowly towards some good as well. Its an uphill battle with multiple lows but I am happy for the positive changes as it gets as open source does have a special place in my heart as it taught me about privacy and many of your hearts as well.",experience,first_person_experience,Pledging Another $400k to the Zig Software Foundation,Imustaskforhelp,48630412
Major props to Mitchell (and his family) for these donations.,reaction,short_reaction,Pledging Another $400k to the Zig Software Foundation,qudat,48630407
"About 2-3 months after the birth of my first child, I started “seeing” the baby’s face vividly whenever I would close my eyes, when I was falling asleep but other times during the day as well. It was not a conscious-voluntary imagination, more like an artifact of my brain rewiring priority numero uno. Our second child is now 3 months old and I have not experienced similar, perhaps because the brain changes already settled down before his birth.",experience,first_person_experience,Becoming a dad changes men's brains,michaelsbradley,48630403
Maybe show them side by side for crosseyed stereo viewing.,reaction,short_reaction,Help I accidentally a wigglegram,Dwedit,48630399
What are you getting out of it at $4000/month?,reaction,short_reaction,Sakana Fugu,blks,48630397
I bought a sewing machine a few years ago. I felt really dumb having to spend (many) hours trying to set up the bobbin/thread.,reaction,default_reaction,Renting a sewing machine from the library,NuclearPM,48630396
The youngest of my three is now 14. When it's come to managing developers raising kids is a superpower,reaction,short_reaction,Becoming a dad changes men's brains,andrew_lettuce,48630393
The irony of defending capitalism's record on human rights with that username...and I'm speaking as someone who likes capitalism.,reaction,default_reaction,Did my old job only exist because of fraud?,triceratops,48630388
Adults responding in adult ways. Respect.,reaction,short_reaction,Pledging Another $400k to the Zig Software Foundation,teekert,48630385
"Doesn't this prove that Mitchell Hashimoto is probably the only ""good billionaire""? I thought all billionaires were bad?",reaction,default_reaction,Pledging Another $400k to the Zig Software Foundation,colesantiago,48630382
"Interestingly, the pixelization/noise effect is applied clientside, so if you open an image in a new tab, you can see the original. Originals look much better, in my opinion.",experience,first_person_experience,Help I accidentally a wigglegram,vova_hn2,48630379
"I have 3 kids. When they started on solids: #1 got fancy home made baby food, like cheesy chicken broccoli frozen into ice cube chunks. #2 got steamed yams and crackers. #3 got whatever we were eating, ripped into baby-sized chunks. All are fine.",experience,first_person_experience,Becoming a dad changes men's brains,andrew_lettuce,48630378
"You make it sound like all original ideas from academia must be cited all the time, even if that was not the source of someone’s inspiration. If I’m in the private sector, and I rediscover something from first principles, it is not my responsibility to go search all academia to see if someone’s done it before so I can cite their work. If I rely on a code library that doesn’t explicitly cite papers it was built on, it is also not my responsibility to go find all the papers that it might’ve been built from and cite those papers.",experience,first_person_experience,Munich 1991: The Roots of the Current AI Boom,jagged-chisel,48630377
funny how this went from +3 to -2 score during American waking hours,reaction,short_reaction,Danish privacy activist Lars Andersen raided by police,inigyou,48630376
"See also: OpenRouter Fusion, similar idea, although it seems limited to internet research tasks? (Unclear, maybe someone who has used it can elaborate.) What's nice is that OpenRouter included a pareto graph showing the cost as well as the performance. (But not time, unfortunately -- model fusion adds a large factor to round trip time.) Benchmarks are a lot less helpful without that. OpenRouter: Surpassing frontier performance with fusion (blog post with benchmarks) https://news.ycombinator.com/item?id=48525392 OpenRouter Fusion API https://news.ycombinator.com/item?id=48537641 See also: Sibling comment with an open source implementation https://news.ycombinator.com/item?id=48624782#48629598 I did my own last weekend in a few lines of Python, though I haven't tested it much yet. (Looking for some very hard, very cheap benchmarks, if such a thing exists!)",experience,first_person_experience,Sakana Fugu,andai,48630373
I use Wails which is Tauri but for Go and I don't have the kind of issues you're mentioning. Maybe that is a difference between Wails and Tauri but I don't think the system WebView is a significant factor.,experience,first_person_experience,Deno Desktop,oooyay,48630366
"Only the extremely wealthy participate in the UK? That is most certainly not the case in the US, where your average salaried employee has most of their retirement invested in the market",reaction,default_reaction,Investors get real-time view of UK bond market activity for the first time,1234letshaveatw,48630364
"Congratulations you reinvented RAG. Also LLMs With RAG still hallucinate. Good start, but calling it “solved” is a stretch.",reaction,default_reaction,Tech pundit Cringely cofounds startup '2Brains Inc' to solve LLM hallucinations,tim-tday,48630362
"You could implement it this way: - the first time you select a directory it must be empty - you can drag files in there afterwards - the directory gets whitelisted for future use Probably has bad usability, but would be more secure.",reaction,default_reaction,window.showDirectoryPicker opens up a whole new world,sharperguy,48630361
I’ve been using Codex and Claude in Zed via ACP. Some bugs but overall very pleasant experience vs anything Cursor.,reaction,short_reaction,Codex logging bug may write TBs to local SSDs,iknowstuff,48630360
"Don't give a sarcastic reply about finding a single instance, when the request was literally ""Please share a single instance."" It's just silly.",reaction,default_reaction,There is minimal downside to switching to open models,wat10000,48630359
"I really do not understand how people talk about ""Being rich / being a billionaire will make you fundamentally unhappy"". Damn if I had all the money I have so many good-willed projects I want to throw money at!",experience,first_person_experience,Pledging Another $400k to the Zig Software Foundation,cyber_kinetist,48630357
"With four kids, I think I have grown more patient with people in general. Also one who got more sentimental.",experience,first_person_experience,Becoming a dad changes men's brains,hoyd,48630344
Lol what performative shite. Chinese astroturfing 101. You're either mentally ill or a shill.,reaction,short_reaction,There is minimal downside to switching to open models,vonneumannstan,48630341
"Another language that is in a similar space to Zig that I think deserves more attention, particularly for funding is Odin. While I think Zig is a great language, there is a consistency of design and simplicity to Odin that makes low-level programming more ergonomic and enjoyable to me. While Zig boasts a lot of impressive projects, Odin was used to build the JangaFX suite[1]. [1] https://jangafx.com/",experience,first_person_experience,Pledging Another $400k to the Zig Software Foundation,hresvelgr,48630340
"Islamists fight to be the oppressors, not to help the oppressed.",reaction,short_reaction,Danish privacy activist Lars Andersen raided by police,deanishe,48630338
CLAUDE.md has been incredibly successful for them advertising wise. I wouldn’t expect them to admit AGENTS.md exists anytime soon.,reaction,default_reaction,Codex logging bug may write TBs to local SSDs,chorkpop,48630337
"> we will replace most PIDs with a small neural network for almost all industrial applications A similar argument was made in the early 90's/late 80's for using Fuzzy Logic ( https://en.wikipedia.org/wiki/Fuzzy_logic ) instead of classical control algorithms, including PID. I'm sure many here will remember the late Bob Pease of National Semiconductor writing articles[1] against this, mainly due to the inability of the designer to predict the behavior of the system. Believe it or not, being able to logically reason about how an algorithm that's controlling tens of thousands of $$$ of product in process is actually important. [1] https://www.electronicdesign.com/technologies/embedded/digit...",experience,first_person_experience,Proportional-Integral-Derivative (PID) controllers,HeyLaughingBoy,48630330
With the first kid you sterilize everything. After that I guess you learn how much dirt they put in their mouths and don't bother.,reaction,default_reaction,Becoming a dad changes men's brains,fullstop,48630329
"> Every non capitalist would force you to work in random job they assign Nope. Most non-capitalist systems have a competitive school environment. Students compete for education slots for the careers they want to work in. The only people who end up assigned work are those who have basically no aptitude for higher careers. > force you to obey some rule or law they wrote for their own interest. There is no society, capitalist or otherwise, that isn't governed by some set of arbitrary laws, usually for the interest of the state but not always. See, for example, the MJ ban in the US. > you don't want to do the job? or dont want to follow the law and rules? fine! go to gulag and enjoy it there. What happens if you don't want to work in a capitalist society or you don't follow the laws? We have a gulag in the US that people are being sent to. Utah just recently criminalized homelessness. > alternatively, non capitalist eras had real famines and lead to millions starving and dead. Non-capitalist eras? I don't think there has ever been a true non-capitalist era. Even under the feudal system, that was still capitalism just at it's extreme ""might makes right"" era. Serfs were forced to do their work because of contracts they signed with their lords for protection. They had to work the fields, in exchange for housing. There's also plenty of famines caused directly by capitalism. The most infamous one being the Irish potato famine. Ireland is extremely fertile and at the peak of the famine they had bumper crops. The reason the famine happened is because poor irish citizens relied heavily on growing crops for personal sustenance in small gardens. Potatoes being one of the most calorie dense foods for a small patch of land. When blight hit the potatoes, there was not an alternative crop these citizens could get the calories from their small land plots. Meanwhile, they'd be working giant grain fields and maintained cattle herds which were already sold to english markets. This famine was entirely from capitalism. The land and the people grew plenty of food, but the capitalists cared a lot more about the wheat and cattle and not the people so the Irish starved. > putting a price for product/service after risking lots of capital is the real enemy Yup, in the Irish market that was literally the real problem. The price was higher than the Irish wages. > why biggest famines mostly happened in non capitalist places is real historical detail with lots of facts. I think you are mostly just unaware of famines. Not all, for certain, have been caused by capitalism. A decent chunk have been.",experience,first_person_experience,Did my old job only exist because of fraud?,cogman10,48630328
"I mean, there are far more nefarious things happening in big tech, so if the author feels they were somehow being ""used"" in an immoral sense, I think they should feel ok about themselves based on the types of knowingly wrong but technically legal things happening in large companies.",experience,first_person_experience,Did my old job only exist because of fraud?,c-b,48630326
"This is still a security nightmare! You won't get every folder, or even enough folders.",reaction,short_reaction,window.showDirectoryPicker opens up a whole new world,inigyou,48630324
"I don’t think that’s right. I know 2 women well enough that they shared with me having been diagnosed with cervical dysplasia, diagnosed via Pap smear, in their late 20s. Both had a procedure to freeze off the affected cells and were later declared cured. My understanding of it is that this is extremely freaking common as far as medical issues go, because women, much more so than men, are more likely to go in for routine screening when they’re suppose to, and these these get frequently found before they become major issues. One could reasonably argue that nearly every ablation treatment for cervical dysplasia is a cancer treatment, just a very early one that isn’t drastically life-affecting. And if so, the number of cervical cancer incidents would be ginormous higher than deaths from it. And ask any woman who’d gone through and paid for cervical ablation, and I bet 99 of 100 would choose to have gotten a preventative shot, except for the 1 idiot in every group.",experience,first_person_experience,HPV vaccine cuts risk of dying from cervical cancer before 30,kstrauser,48630320
"Writing an optimizing production ready compiler doesn't seem to be an easy task, even today. I mean you can fork a compiler or look at the code, but maintaining your own one alone doesn't seem to be realistic. >> - not writing compilers in assembly Sure, but you still generate the machine code, right? You still have to master the instructions and their specifics of the target CPUs.",experience,first_person_experience,My 1992 view of the problems of computer programming in 1992,senfiaj,48630312
"And when production for a system I built burns down the month after I leave my job, the next guy they hire was actually the culprit! Greenspan was seen as responsible for the dot-com bust as well which was solidly in the center of his tenure.",experience,first_person_experience,Alan Greenspan Dies at 100; Led Fed During Boom Before 2008 Bust,b40d-48b2-979e,48630309
"Wow, odd. I haven't even set foot in Canada in 4.5 years and still have all the blocked features!",experience,first_person_experience,Apple decided not to roll out Siri in EU after denied request for exemption,gorbypark,48630303
> I have heard this claim before but I find it unconvincing. I have given up support of movements for which activists have acted cruelly or otherwise immorally. Most people aren't this particular brand of irrational.,experience,first_person_experience,Danish privacy activist Lars Andersen raided by police,Jweb_Guru,48630301
"I'll take the bait. There are now three kinds of apps. The old kind, big standardized ones where the same kinds of customers buy the same kinds of app, like Spotify or Oracle. Then there are the new DIY apps made with AI. These are for use cases that wouldn't exist and wouldn't get an IT budget otherwise. That's personal software and small projects inside a group at work without a professional dev. The third group is bespoke software built together by the client, an AI expert consultant who learns about their business, and a fleet of coding agents. In that case, the company needs the AI devs initially and maybe occasionally later but mostly runs the custom software without devs.",experience,first_person_experience,Ask HN: Is there still value in making apps?,dtagames,48630296
"we use JSON-LD on our SaaS and it made a noticeable difference for rich snippets. the FAQ Page schema in particular, google started showing our FAQ answers directly in search results within a week of adding it. one thing i learned the hard way: keep the FAQ answers in the JSON-LD identical to what is viseble on the page. google will ignore schema if the text doesn't match the page content.",experience,first_person_experience,JSON-LD explained for personal websites,tosief,48630284
"(Although I was a bit para-phrasing as I don't remember the exact story but something similar was definitely said. I agree and I feel that that company in particular's response to that statement was also the same in terms of: you are responsible for your code no matter what and prompted to fire the engineer. but there was also this dual level of hypocrisy from the company as well, in terms of asking the engineers to be 10x'd and putting pressures on it and internal lying by teams on how much productive they really are with AI and many other things in general. I feel like engineers are within pressure of being asked to replace themselves within some (IMO) toxic workplaces by having the expectations of being 10x'd, something which previously was just an hyperbole but is now being expected as reality. As much as I'd like to place the fault on that engineer isolated itself which in some sense you can consider that. I also think of it as a probability of a person like that existing. Within the hyperfocused hyper-growth mentality without much safe-guards AI 10x agentic intent focused engineers (I have exhausted my AI vocabulary), the chances of a person like that existing simply rises magnitudes more which could probably be why I heard of a story like that in first place. This might be one of the reasons I am worried about the hyper-focus on using AI as an everything tool or the investor/company focus on using AI for everything. I have said it elsewhere and I might say it again but if we treat AI as a hammer, then we need to stop treating everything as a screw and forcing/dog-feeding AI inside it, we need to treat a screw as a screw otherwise we will probably end up with some very messy foundations. I would agree on you to have a cultural annotation on this being bad but unless we also add a cultural annotation on the last thing that I mentioned, I find it very hard to be achievable but I suppose that the last thing is what the AI companies and everyone is betting trillions of dollars on, on AI being used for everything and anything and I find it hard for the culture to be expected to change from top-down manner especially when its inverted and managers expect you to build things with AI given the investment. There should be a balance and push-back from engineers alike, but as mitchell has said, even some really smart engineers who should know better are completely within AI psychosis and the philosophy of using AI as a hammer and hammering everything. As such I would find it hard to create a cultural disturbance. Would you like to know the disturbing part? When someone who worked at that company was honest and told higher-ups that they weren't being 10x'd by AI while all other engineers said that they were (they were in fact lying and working till 1 AM to finish the work as AI was ineffective). The management just treats this honest employee as the one ineffective and it has created a bit semi-toxic workplace for them. Imagine asking for cultural disturbance if everyone involved from top to bottom is involved in covering up for AI, because investors want to jump in on AI, and companies want that sweet investor money and management wants to satisfy the company and engineers want to keep their job and keep management happy and honest people get punished for being honest. This got a bit long but this is everything wrong with AI. Not really the tech but rather everything around it. I hope the culture around things get better but its an uphill battle. on the other hand of things, I am optimistic because it seems that honesty would matter more when the bubble pops and everyone would become hopefully more selective on complete AI consumption or more intentional around it. (I am happy with developers building tools and prototypes that they previously couldn't have and even monetizing it somewhat, but just being honest and also more than capable of switching from slopware sunk costs. TLDR: being authentic/transparent.)",experience,first_person_experience,Codex logging bug may write TBs to local SSDs,Imustaskforhelp,48630281
"If you are a real engineer and uses the LLM as a pair programmer instead of delegating everything to it, even GLM 4.7 was already good enough to help you with a lot of work. I used it with Cerebras inference at a time when it had a good coding plan at a low price, and delivered tons of stuff using it.",experience,first_person_experience,GLM 5.2 vs. Opus,elzbardico,48630272
"For thirty years, we built instruments to study sellers. The buyers were always the ones who decided. This final piece is about what changes when you flip the instrument — and what becomes possible when you know more about how a buyer buys than they expect any seller to know.",experience,first_person_experience,[dead],smesser,48630265
"AFAIK, the FSB knocked on Durov’s previous company’s door, VKontakte, a Russian Facebook knock-off. They asked for info on some of their users, were told “no” and… they told Durov that “it would be a good idea if you sold this thing to someone else”. Which he did, for decent money but probably a lot less than it was worth. He then used that money to start Telegram, at first from Berlin and later on from Dubai, from 2017 I think. VKontakte (VK) eventually created Max, a newish IM service that the tiger-fighting shortie at the Kremlin is pushing onto Russians, while trying to limit their use of Telegram, that is or at least was the standard in Russia. https://www.theatlantic.com/international/archive/2025/10/ru...",experience,first_person_experience,"WhatsApp's ""End-to-End Encryption"" Is the Biggest Lie in Tech History",dotcoma,48630263
